Benchmark,File,Execution Time,Swap Count,SABRE Execution Time,SABRE Swap Count
queko-bss-20qbt,20QBT_100CYC_QSE_3.json,2.7538352012634277,333,0.20099973678588867,557
queko-bss-20qbt,20QBT_200CYC_QSE_2.json,4.06761908531189,264,0.29432010650634766,914
queko-bss-20qbt,20QBT_100CYC_QSE_8.json,3.413032054901123,260,0.3710625171661377,585
queko-bss-20qbt,20QBT_300CYC_QSE_8.json,15.541027784347534,1146,0.40373992919921875,1291
queko-bss-20qbt,20QBT_200CYC_QSE_7.json,4.770298957824707,316,0.28070807456970215,985
queko-bss-20qbt,20QBT_200CYC_QSE_5.json,6.226340055465698,579,0.2837185859680176,885
queko-bss-20qbt,20QBT_200CYC_QSE_1.json,7.921509742736816,649,0.4295525550842285,988
queko-bss-20qbt,20QBT_100CYC_QSE_1.json,1.7515313625335693,202,0.18493318557739258,538
queko-bss-20qbt,20QBT_200CYC_QSE_3.json,6.362157344818115,521,0.32290172576904297,1094
queko-bss-20qbt,20QBT_300CYC_QSE_5.json,16.837572813034058,883,0.41994690895080566,1365
queko-bss-20qbt,20QBT_300CYC_QSE_6.json,10.716570377349854,471,0.4023458957672119,1221
queko-bss-20qbt,20QBT_200CYC_QSE_6.json,5.322737216949463,394,0.2708261013031006,888
queko-bss-20qbt,20QBT_400CYC_QSE_3.json,8.722313404083252,251,0.7922296524047852,1754
queko-bss-20qbt,20QBT_500CYC_QSE_8.json,20.273565530776978,970,0.6769962310791016,2089
queko-bss-20qbt,20QBT_100CYC_QSE_4.json,2.5237741470336914,261,0.15198183059692383,541
queko-bss-20qbt,20QBT_100CYC_QSE_6.json,3.066582679748535,434,0.1492159366607666,527
queko-bss-20qbt,20QBT_100CYC_QSE_2.json,1.8283259868621826,141,0.26453375816345215,537
queko-bss-20qbt,20QBT_400CYC_QSE_1.json,19.0886447429657,689,0.5392825603485107,1756
queko-bss-20qbt,20QBT_400CYC_QSE_2.json,21.193184852600098,1001,0.5362610816955566,1818
queko-bss-20qbt,20QBT_500CYC_QSE_6.json,16.571452140808105,352,0.948889970779419,2274
queko-bss-20qbt,20QBT_100CYC_QSE_9.json,2.1483404636383057,264,0.1629946231842041,561
queko-bss-20qbt,20QBT_600CYC_QSE_2.json,30.43128275871277,745,0.7843425273895264,2638
queko-bss-20qbt,20QBT_200CYC_QSE_0.json,4.8171610832214355,301,0.2687392234802246,860
queko-bss-20qbt,20QBT_100CYC_QSE_0.json,3.053039312362671,509,0.15192341804504395,565
queko-bss-20qbt,20QBT_600CYC_QSE_6.json,20.79406762123108,455,0.768892765045166,2510
queko-bss-20qbt,20QBT_600CYC_QSE_4.json,36.46036505699158,1956,0.8445656299591064,2745
queko-bss-20qbt,20QBT_700CYC_QSE_9.json,16.79446792602539,300,0.902446985244751,2776
queko-bss-20qbt,20QBT_600CYC_QSE_5.json,22.87330150604248,595,0.8334546089172363,2482
queko-bss-20qbt,20QBT_700CYC_QSE_3.json,42.44494032859802,2211,0.9102306365966797,2867
queko-bss-20qbt,20QBT_700CYC_QSE_5.json,46.159610748291016,929,1.1093413829803467,2932
queko-bss-20qbt,20QBT_700CYC_QSE_2.json,28.349887371063232,540,1.056309461593628,2872
queko-bss-20qbt,20QBT_600CYC_QSE_3.json,34.88820934295654,1436,1.0398945808410645,2516
queko-bss-20qbt,20QBT_400CYC_QSE_0.json,16.915060997009277,810,0.5528450012207031,1870
queko-bss-20qbt,20QBT_100CYC_QSE_7.json,2.540295362472534,305,0.15528559684753418,573
queko-bss-20qbt,20QBT_400CYC_QSE_7.json,8.993953943252563,572,0.5527040958404541,1710
queko-bss-20qbt,20QBT_500CYC_QSE_0.json,10.545100212097168,252,0.6498441696166992,2106
queko-bss-20qbt,20QBT_500CYC_QSE_7.json,15.731288194656372,465,0.660620927810669,2184
queko-bss-20qbt,20QBT_600CYC_QSE_0.json,33.11633086204529,1005,1.0811576843261719,2608
queko-bss-20qbt,20QBT_300CYC_QSE_0.json,10.291479587554932,610,0.46546459197998047,1377
queko-bss-20qbt,20QBT_700CYC_QSE_7.json,69.14055252075195,1916,0.928736686706543,3031
queko-bss-20qbt,20QBT_700CYC_QSE_6.json,72.50298166275024,3295,1.2144343852996826,2713
queko-bss-20qbt,20QBT_100CYC_QSE_5.json,2.348745346069336,255,0.1513814926147461,499
queko-bss-20qbt,20QBT_400CYC_QSE_5.json,11.374624490737915,471,0.5462586879730225,1631
queko-bss-20qbt,20QBT_400CYC_QSE_6.json,25.076323986053467,1362,0.5260617733001709,1741
queko-bss-20qbt,20QBT_600CYC_QSE_7.json,52.6391544342041,1168,0.8757617473602295,2500
queko-bss-20qbt,20QBT_200CYC_QSE_9.json,5.610493183135986,441,0.2684204578399658,1036
queko-bss-20qbt,20QBT_900CYC_QSE_6.json,49.419114112854004,956,1.1860861778259277,3424
queko-bss-20qbt,20QBT_800CYC_QSE_0.json,74.10022258758545,1998,1.24946928024292,3250
queko-bss-20qbt,20QBT_300CYC_QSE_2.json,9.430120706558228,477,0.3730480670928955,1354
queko-bss-20qbt,20QBT_500CYC_QSE_4.json,21.322425365447998,664,0.7112123966217041,2128
queko-bss-20qbt,20QBT_400CYC_QSE_4.json,13.313960790634155,431,0.5280568599700928,1701
queko-bss-20qbt,20QBT_500CYC_QSE_9.json,9.72567343711853,261,0.6214673519134521,2065
queko-bss-20qbt,20QBT_600CYC_QSE_8.json,29.45306634902954,807,0.8637571334838867,2538
queko-bss-20qbt,20QBT_700CYC_QSE_8.json,24.408923387527466,542,0.9049129486083984,2780
queko-bss-20qbt,20QBT_800CYC_QSE_7.json,40.18475866317749,1616,1.0600733757019043,3468
queko-bss-20qbt,20QBT_300CYC_QSE_9.json,8.768623113632202,391,0.40437960624694824,1355
queko-bss-20qbt,20QBT_300CYC_QSE_4.json,15.47567081451416,1158,0.5229935646057129,1380
queko-bss-20qbt,20QBT_900CYC_QSE_3.json,37.55981779098511,559,1.2457375526428223,3495
queko-bss-20qbt,20QBT_900CYC_QSE_7.json,51.0684928894043,3164,1.196542739868164,3718
queko-bss-20qbt,20QBT_700CYC_QSE_1.json,42.49144673347473,1085,0.9903216361999512,2952
queko-bss-20qbt,20QBT_400CYC_QSE_9.json,20.25160002708435,751,0.5332486629486084,1731
queko-bss-20qbt,20QBT_800CYC_QSE_4.json,44.25979995727539,894,1.1150884628295898,3267
queko-bss-20qbt,20QBT_400CYC_QSE_8.json,18.835574865341187,1461,0.5328381061553955,1766
queko-bss-20qbt,20QBT_200CYC_QSE_4.json,10.50641393661499,639,0.3520975112915039,903
queko-bss-20qbt,20QBT_200CYC_QSE_8.json,6.743084669113159,430,0.2900209426879883,958
queko-bigd,20QBT_45CYC_.5D1_.2D2_9.json,0.388338565826416,200,0.06453704833984375,175
queko-bss-20qbt,20QBT_800CYC_QSE_3.json,66.1332619190216,1867,1.677633285522461,3217
queko-bss-20qbt,20QBT_700CYC_QSE_4.json,38.492594957351685,902,0.8771071434020996,2945
queko-bss-20qbt,20QBT_500CYC_QSE_5.json,33.152589321136475,1505,0.638927698135376,2292
queko-bss-20qbt,20QBT_900CYC_QSE_5.json,56.3376350402832,699,1.768916368484497,3642
queko-bss-20qbt,20QBT_800CYC_QSE_2.json,23.723516702651978,360,1.2155234813690186,3321
queko-bss-20qbt,20QBT_600CYC_QSE_9.json,26.833168029785156,754,0.7610430717468262,2628
queko-bss-20qbt,20QBT_300CYC_QSE_7.json,11.650823593139648,648,0.40282630920410156,1373
queko-bss-20qbt,20QBT_300CYC_QSE_1.json,11.836294412612915,533,0.47168707847595215,1407
queko-bigd,20QBT_45CYC_.0D1_.3D2_3.json,3.2254581451416016,188,0.07217216491699219,203
queko-bigd,20QBT_45CYC_.1D1_.6D2_7.json,2.8758463859558105,213,0.09181737899780273,423
queko-bss-20qbt,20QBT_300CYC_QSE_3.json,11.595404863357544,929,0.4822993278503418,1465
queko-bss-20qbt,20QBT_500CYC_QSE_3.json,26.118952751159668,1280,0.672053337097168,2175
queko-bss-20qbt,20QBT_500CYC_QSE_2.json,17.247232913970947,451,0.8065023422241211,2168
queko-bigd,20QBT_45CYC_.0D1_.7D2_6.json,5.644964218139648,327,0.09195375442504883,379
queko-bigd,20QBT_45CYC_.4D1_.3D2_9.json,0.9671106338500977,215,0.09076452255249023,160
queko-bss-20qbt,20QBT_500CYC_QSE_1.json,16.369125604629517,401,0.9448559284210205,2146
queko-bigd,20QBT_45CYC_.3D1_.2D2_6.json,0.5199761390686035,176,0.12358427047729492,138
queko-bigd,20QBT_45CYC_.4D1_.1D2_7.json,0.13164806365966797,100,0.04388594627380371,84
queko-bigd,20QBT_45CYC_.3D1_.5D2_8.json,1.8570342063903809,213,0.08899641036987305,312
queko-bigd,20QBT_45CYC_.3D1_.1D2_8.json,0.18711018562316895,146,0.0453336238861084,86
queko-bigd,20QBT_45CYC_.4D1_.2D2_5.json,0.26457977294921875,93,0.05997467041015625,169
queko-bigd,20QBT_45CYC_.1D1_.6D2_5.json,3.824657917022705,302,0.16103219985961914,361
queko-bss-20qbt,20QBT_800CYC_QSE_8.json,39.35460710525513,586,1.2839267253875732,3510
queko-bigd,20QBT_45CYC_.0D1_.4D2_1.json,3.7463390827178955,235,0.06400203704833984,250
queko-bss-20qbt,20QBT_900CYC_QSE_8.json,59.48683786392212,1162,1.2225382328033447,3802
queko-bigd,20QBT_45CYC_.1D1_.2D2_7.json,0.911414623260498,198,0.05398750305175781,152
queko-bigd,20QBT_45CYC_.0D1_.3D2_5.json,1.905625343322754,183,0.057342529296875,192
queko-bigd,20QBT_45CYC_.0D1_.6D2_0.json,5.196798801422119,315,0.13491058349609375,318
queko-bigd,20QBT_45CYC_.1D1_.6D2_1.json,4.032928466796875,274,0.18883538246154785,350
queko-bigd,20QBT_45CYC_.6D1_.2D2_1.json,0.28832507133483887,129,0.06651639938354492,175
queko-bss-20qbt,20QBT_800CYC_QSE_1.json,55.65422463417053,1873,1.1266112327575684,3367
queko-bigd,20QBT_45CYC_.1D1_.5D2_5.json,2.458672285079956,207,0.08720731735229492,388
queko-bigd,20QBT_45CYC_.3D1_.3D2_0.json,1.1331350803375244,227,0.06644034385681152,168
queko-bigd,20QBT_45CYC_.1D1_.6D2_9.json,2.8701279163360596,225,0.08362412452697754,314
queko-bigd,20QBT_45CYC_.4D1_.4D2_8.json,1.511420726776123,260,0.15890049934387207,268
queko-bigd,20QBT_45CYC_.2D1_.2D2_4.json,0.7322111129760742,152,0.05781054496765137,176
queko-bss-20qbt,20QBT_800CYC_QSE_9.json,34.14145040512085,402,1.1890549659729004,3229
queko-bss-20qbt,20QBT_700CYC_QSE_0.json,34.933385610580444,1085,0.9622251987457275,2894
queko-bigd,20QBT_45CYC_.3D1_.5D2_3.json,1.5257508754730225,211,0.08999371528625488,319
queko-bigd,20QBT_45CYC_.1D1_.1D2_8.json,0.32651185989379883,145,0.04339313507080078,99
queko-bss-20qbt,20QBT_800CYC_QSE_6.json,30.734625101089478,543,1.0530242919921875,3350
queko-bss-20qbt,20QBT_800CYC_QSE_5.json,78.90541577339172,1496,1.110769271850586,3240
queko-bigd,20QBT_45CYC_.3D1_.2D2_2.json,0.5564029216766357,183,0.05983591079711914,136
queko-bss-20qbt,20QBT_900CYC_QSE_9.json,47.70911765098572,1517,1.4634923934936523,3686
queko-bigd,20QBT_45CYC_.4D1_.4D2_7.json,0.9378547668457031,215,0.08437514305114746,255
queko-bigd,20QBT_45CYC_.0D1_.8D2_2.json,5.949464797973633,323,0.17905044555664062,456
queko-bigd,20QBT_45CYC_.1D1_.5D2_9.json,2.4907846450805664,172,0.07666468620300293,259
queko-bigd,20QBT_45CYC_.0D1_.7D2_8.json,6.048650503158569,366,0.09331464767456055,404
queko-bigd,20QBT_45CYC_.1D1_.1D2_0.json,0.32931089401245117,108,0.04162240028381348,75
queko-bigd,20QBT_45CYC_.4D1_.4D2_0.json,1.3509283065795898,287,0.08994817733764648,322
queko-bss-20qbt,20QBT_600CYC_QSE_1.json,29.99714493751526,775,0.7748630046844482,2580
queko-bigd,20QBT_45CYC_.1D1_.3D2_3.json,1.325197696685791,142,0.07352423667907715,268
queko-bigd,20QBT_45CYC_.3D1_.2D2_5.json,0.4108278751373291,144,0.06937408447265625,209
queko-bigd,20QBT_45CYC_.0D1_.1D2_8.json,0.15273094177246094,71,0.03736138343811035,51
queko-bigd,20QBT_45CYC_.0D1_.1D2_6.json,0.14801716804504395,77,0.03533363342285156,71
queko-bigd,20QBT_45CYC_.0D1_.4D2_5.json,3.099482536315918,252,0.06461119651794434,279
queko-bigd,20QBT_45CYC_.0D1_.2D2_0.json,1.1836872100830078,181,0.051909685134887695,160
queko-bigd,20QBT_45CYC_.0D1_.4D2_4.json,2.9477415084838867,223,0.06910181045532227,252
queko-bigd,20QBT_45CYC_.2D1_.5D2_9.json,1.8796751499176025,192,0.0900723934173584,310
queko-bigd,20QBT_45CYC_.0D1_.8D2_6.json,7.074632167816162,372,0.09554553031921387,459
queko-bigd,20QBT_45CYC_.0D1_.4D2_2.json,2.758378028869629,209,0.06251883506774902,221
queko-bigd,20QBT_45CYC_.1D1_.2D2_8.json,0.794292688369751,115,0.059909820556640625,163
queko-bigd,20QBT_45CYC_.1D1_.7D2_5.json,4.561703205108643,298,0.09885239601135254,424
queko-bigd,20QBT_45CYC_.1D1_.5D2_4.json,4.397892475128174,454,0.08051609992980957,312
queko-bigd,20QBT_45CYC_.1D1_.4D2_2.json,2.203362464904785,259,0.0764472484588623,269
queko-bigd,20QBT_45CYC_.3D1_.1D2_3.json,0.20313739776611328,104,0.045478105545043945,84
queko-bigd,20QBT_45CYC_.3D1_.5D2_4.json,1.7609691619873047,213,0.09101700782775879,313
queko-bigd,20QBT_45CYC_.3D1_.2D2_1.json,0.6483802795410156,192,0.06310367584228516,168
queko-bigd,20QBT_45CYC_.5D1_.1D2_5.json,0.1162881851196289,120,0.0515596866607666,115
queko-bigd,20QBT_45CYC_.6D1_.1D2_5.json,0.1150519847869873,103,0.0509333610534668,91
queko-bigd,20QBT_45CYC_.0D1_.5D2_2.json,4.934640407562256,303,0.07489657402038574,313
queko-bigd,20QBT_45CYC_.0D1_.2D2_2.json,1.3977608680725098,219,0.0469970703125,135
queko-bigd,20QBT_45CYC_.1D1_.7D2_1.json,2.516404151916504,176,0.09621024131774902,384
queko-bigd,20QBT_45CYC_.0D1_.2D2_4.json,1.169499397277832,121,0.04743814468383789,117
queko-bss-20qbt,20QBT_900CYC_QSE_4.json,20.01615023612976,275,1.1592597961425781,3838
queko-bigd,20QBT_45CYC_.4D1_.4D2_9.json,1.080686092376709,161,0.08500218391418457,268
queko-bigd,20QBT_45CYC_.6D1_.1D2_3.json,0.12936711311340332,116,0.051988840103149414,80
queko-bss-20qbt,20QBT_900CYC_QSE_1.json,60.50833034515381,1613,1.1984500885009766,3444
queko-bigd,20QBT_45CYC_.1D1_.4D2_6.json,1.775775671005249,166,0.07473492622375488,286
queko-bigd,20QBT_45CYC_.1D1_.3D2_9.json,1.557605266571045,209,0.06508469581604004,218
queko-bigd,20QBT_45CYC_.2D1_.2D2_0.json,0.7152571678161621,131,0.05683445930480957,150
queko-bigd,20QBT_45CYC_.3D1_.4D2_9.json,1.2717013359069824,225,0.08242487907409668,269
queko-bigd,20QBT_45CYC_.3D1_.1D2_1.json,0.19393563270568848,136,0.04540205001831055,105
queko-bigd,20QBT_45CYC_.1D1_.6D2_8.json,4.11901068687439,235,0.08301591873168945,300
queko-bigd,20QBT_45CYC_.3D1_.4D2_3.json,1.0652976036071777,190,0.07413363456726074,189
queko-bigd,20QBT_45CYC_.4D1_.1D2_1.json,0.1277463436126709,90,0.04781746864318848,87
queko-bigd,20QBT_45CYC_.1D1_.1D2_5.json,0.31931567192077637,114,0.04303765296936035,85
queko-bigd,20QBT_45CYC_.4D1_.2D2_9.json,0.4075896739959717,175,0.0630195140838623,165
queko-bigd,20QBT_45CYC_.3D1_.3D2_1.json,0.8505070209503174,180,0.06916117668151855,205
queko-bigd,20QBT_45CYC_.5D1_.2D2_6.json,0.4148411750793457,186,0.06830954551696777,172
queko-bigd,20QBT_45CYC_.5D1_.1D2_2.json,0.11450695991516113,114,0.04603838920593262,61
queko-bigd,20QBT_45CYC_.2D1_.2D2_7.json,0.6981642246246338,160,0.06369996070861816,187
queko-bss-20qbt,20QBT_900CYC_QSE_2.json,60.58395743370056,952,1.2121062278747559,3579
queko-bigd,20QBT_45CYC_.4D1_.4D2_5.json,1.2954530715942383,291,0.08988380432128906,331
queko-bigd,20QBT_45CYC_.5D1_.3D2_8.json,0.5597755908966064,147,0.07552146911621094,223
queko-bigd,20QBT_45CYC_.1D1_.2D2_6.json,0.8098337650299072,163,0.05278754234313965,159
queko-bigd,20QBT_45CYC_.2D1_.4D2_8.json,1.4003496170043945,231,0.07540678977966309,281
queko-bigd,20QBT_45CYC_.1D1_.2D2_2.json,0.7161128520965576,110,0.05352330207824707,151
queko-bigd,20QBT_45CYC_.0D1_.6D2_5.json,4.943096876144409,300,0.0801234245300293,329
queko-bigd,20QBT_45CYC_.2D1_.2D2_2.json,0.49388813972473145,139,0.05594348907470703,134
queko-bigd,20QBT_45CYC_.0D1_.7D2_4.json,4.70649528503418,246,0.09219074249267578,387
queko-bigd,20QBT_45CYC_.0D1_.2D2_3.json,1.180582046508789,145,0.052213430404663086,162
queko-bigd,20QBT_45CYC_.3D1_.2D2_4.json,0.5666253566741943,197,0.06321096420288086,199
queko-bigd,20QBT_45CYC_.2D1_.6D2_2.json,3.2349050045013428,334,0.10110092163085938,334
queko-bigd,20QBT_45CYC_.1D1_.1D2_1.json,0.38814425468444824,146,0.04297184944152832,80
queko-bigd,20QBT_45CYC_.1D1_.5D2_1.json,2.239595413208008,230,0.0827341079711914,337
queko-bigd,20QBT_45CYC_.7D1_.1D2_2.json,0.09321999549865723,84,0.05244779586791992,80
queko-bigd,20QBT_45CYC_.7D1_.1D2_6.json,0.0859217643737793,74,0.04705405235290527,57
queko-bigd,20QBT_45CYC_.0D1_.4D2_7.json,2.96756649017334,237,0.06795692443847656,270
queko-bigd,20QBT_45CYC_.1D1_.4D2_5.json,2.9855892658233643,351,0.07188153266906738,271
queko-bigd,20QBT_45CYC_.3D1_.5D2_1.json,1.9481334686279297,260,0.09631681442260742,304
queko-bigd,20QBT_45CYC_.0D1_.2D2_6.json,1.293987512588501,190,0.04871368408203125,136
queko-bss-20qbt,20QBT_900CYC_QSE_0.json,111.29121208190918,2510,1.3478732109069824,3635
queko-bigd,20QBT_45CYC_.0D1_.8D2_1.json,4.7666661739349365,216,0.0913534164428711,395
queko-bigd,20QBT_45CYC_.5D1_.1D2_9.json,0.10024499893188477,137,0.05080056190490723,105
queko-bigd,20QBT_45CYC_.1D1_.5D2_0.json,2.9152162075042725,291,0.08661484718322754,335
queko-bigd,20QBT_45CYC_.6D1_.2D2_2.json,0.3033781051635742,128,0.06555390357971191,185
queko-bigd,20QBT_45CYC_.0D1_.5D2_9.json,4.57916259765625,310,0.07615303993225098,294
queko-bigd,20QBT_45CYC_.1D1_.5D2_3.json,2.4391567707061768,212,0.08446383476257324,335
queko-bigd,20QBT_45CYC_.2D1_.4D2_2.json,1.4386365413665771,227,0.08258485794067383,309
queko-bigd,20QBT_45CYC_.1D1_.6D2_3.json,3.152189016342163,230,0.0925741195678711,352
queko-bigd,20QBT_45CYC_.1D1_.3D2_5.json,1.767669677734375,259,0.06554841995239258,219
queko-bigd,20QBT_45CYC_.0D1_.2D2_1.json,1.3197088241577148,160,0.046344757080078125,145
queko-bigd,20QBT_45CYC_.4D1_.1D2_5.json,0.12438821792602539,145,0.05066418647766113,107
queko-bigd,20QBT_45CYC_.1D1_.7D2_0.json,2.5952260494232178,188,0.10804414749145508,452
queko-bigd,20QBT_45CYC_.6D1_.1D2_9.json,0.13571906089782715,158,0.04950523376464844,100
queko-bigd,20QBT_45CYC_.5D1_.1D2_8.json,0.0971524715423584,49,0.04606986045837402,73
queko-bigd,20QBT_45CYC_.0D1_.5D2_4.json,3.657573938369751,242,0.07416009902954102,311
queko-bigd,20QBT_45CYC_.2D1_.3D2_2.json,1.193282127380371,187,0.06413817405700684,201
queko-bigd,20QBT_45CYC_.0D1_.1D2_0.json,0.13106441497802734,63,0.03522086143493652,58
queko-bigd,20QBT_45CYC_.7D1_.1D2_7.json,0.09070229530334473,81,0.05123591423034668,91
queko-bigd,20QBT_45CYC_.0D1_.8D2_9.json,7.014755487442017,373,0.093414306640625,428
queko-bigd,20QBT_45CYC_.3D1_.5D2_5.json,2.1529619693756104,208,0.08687686920166016,308
queko-bigd,20QBT_45CYC_.0D1_.7D2_0.json,3.420579671859741,198,0.08598899841308594,346
queko-bigd,20QBT_45CYC_.2D1_.2D2_6.json,0.7947349548339844,194,0.05829977989196777,170
queko-bigd,20QBT_45CYC_.0D1_.6D2_2.json,3.189239025115967,198,0.08350825309753418,337
queko-bigd,20QBT_45CYC_.3D1_.3D2_2.json,0.8919541835784912,184,0.07001924514770508,230
queko-bigd,20QBT_45CYC_.1D1_.6D2_4.json,3.5801005363464355,320,0.08715510368347168,354
queko-bigd,20QBT_45CYC_.1D1_.1D2_4.json,0.3299095630645752,116,0.04571843147277832,114
queko-bigd,20QBT_45CYC_.2D1_.6D2_6.json,3.043038845062256,248,0.095184326171875,378
queko-bigd,20QBT_45CYC_.4D1_.3D2_2.json,0.787315845489502,185,0.06804227828979492,162
queko-bigd,20QBT_45CYC_.2D1_.6D2_7.json,2.886834144592285,333,0.09787225723266602,393
queko-bigd,20QBT_45CYC_.0D1_.8D2_0.json,5.939450979232788,272,0.10356616973876953,493
queko-bigd,20QBT_45CYC_.3D1_.5D2_6.json,1.882802963256836,234,0.08762526512145996,287
queko-bigd,20QBT_45CYC_.0D1_.3D2_9.json,2.4008395671844482,211,0.05198860168457031,178
queko-bigd,20QBT_45CYC_.0D1_.1D2_3.json,0.1142282485961914,29,0.03195524215698242,28
queko-bigd,20QBT_45CYC_.2D1_.5D2_7.json,2.545536756515503,283,0.08348608016967773,288
queko-bigd,20QBT_45CYC_.2D1_.5D2_3.json,1.8611235618591309,275,0.08357501029968262,269
queko-bigd,20QBT_45CYC_.5D1_.3D2_3.json,0.6898794174194336,197,0.08031988143920898,241
queko-bigd,20QBT_45CYC_.2D1_.5D2_1.json,2.379438638687134,274,0.0941319465637207,299
queko-bigd,20QBT_45CYC_.0D1_.1D2_9.json,0.17066216468811035,93,0.03328251838684082,52
queko-bigd,20QBT_45CYC_.0D1_.7D2_5.json,8.711477279663086,417,0.08953547477722168,399
queko-bigd,20QBT_45CYC_.2D1_.1D2_8.json,0.20189738273620605,102,0.047324180603027344,97
queko-bigd,20QBT_45CYC_.6D1_.2D2_8.json,0.3260807991027832,135,0.06538128852844238,191
queko-bigd,20QBT_45CYC_.2D1_.5D2_0.json,1.8856782913208008,187,0.0922238826751709,369
queko-bigd,20QBT_45CYC_.0D1_.4D2_9.json,3.555893659591675,185,0.0657346248626709,229
queko-bigd,20QBT_45CYC_.5D1_.3D2_4.json,0.6251661777496338,185,0.07857060432434082,237
queko-bigd,20QBT_45CYC_.2D1_.3D2_6.json,1.2734417915344238,246,0.06487822532653809,205
queko-bigd,20QBT_45CYC_.1D1_.7D2_7.json,4.053017616271973,277,0.10376906394958496,446
queko-bigd,20QBT_45CYC_.5D1_.3D2_5.json,0.847388505935669,273,0.07515978813171387,256
queko-bigd,20QBT_45CYC_.0D1_.1D2_5.json,0.23889851570129395,73,0.03647637367248535,48
queko-bigd,20QBT_45CYC_.0D1_.3D2_2.json,2.4340882301330566,217,0.059111595153808594,227
queko-bigd,20QBT_45CYC_.1D1_.7D2_4.json,3.9576821327209473,279,0.09530949592590332,370
queko-bigd,20QBT_45CYC_.2D1_.1D2_6.json,0.2454526424407959,154,0.04399609565734863,87
queko-bigd,20QBT_45CYC_.0D1_.1D2_7.json,0.1556224822998047,99,0.03704214096069336,77
queko-bigd,20QBT_45CYC_.2D1_.4D2_6.json,1.3031013011932373,151,0.08167386054992676,278
queko-bigd,20QBT_45CYC_.6D1_.1D2_8.json,0.09958171844482422,77,0.04779171943664551,88
queko-bigd,20QBT_45CYC_.4D1_.3D2_5.json,0.6937596797943115,155,0.06996536254882812,164
queko-bigd,20QBT_45CYC_.5D1_.2D2_8.json,0.38632655143737793,161,0.0648033618927002,185
queko-bigd,20QBT_45CYC_.5D1_.1D2_6.json,0.09295296669006348,108,0.04818320274353027,71
queko-bigd,20QBT_45CYC_.3D1_.4D2_2.json,1.6716690063476562,287,0.09196853637695312,291
queko-bigd,20QBT_45CYC_.2D1_.1D2_9.json,0.22717905044555664,107,0.0454869270324707,102
queko-bigd,20QBT_45CYC_.3D1_.2D2_0.json,0.4650421142578125,207,0.057781219482421875,155
queko-bigd,20QBT_45CYC_.5D1_.2D2_5.json,0.4011225700378418,185,0.0652165412902832,193
queko-bigd,20QBT_45CYC_.6D1_.2D2_9.json,0.29308056831359863,123,0.060323238372802734,142
queko-bigd,20QBT_45CYC_.4D1_.1D2_9.json,0.15828180313110352,146,0.0500490665435791,100
queko-bigd,20QBT_45CYC_.5D1_.2D2_1.json,0.34136152267456055,132,0.06352472305297852,149
queko-bigd,20QBT_45CYC_.0D1_.7D2_9.json,6.6042704582214355,254,0.0841822624206543,361
queko-bigd,20QBT_45CYC_.3D1_.3D2_4.json,1.1550490856170654,223,0.07032942771911621,198
queko-bigd,20QBT_45CYC_.2D1_.4D2_7.json,1.5541560649871826,230,0.08558821678161621,283
queko-bigd,20QBT_45CYC_.2D1_.2D2_5.json,0.5653059482574463,123,0.06185197830200195,162
queko-bigd,20QBT_45CYC_.1D1_.3D2_0.json,2.1652133464813232,237,0.0693655014038086,220
queko-bigd,20QBT_45CYC_.1D1_.2D2_0.json,0.8791983127593994,127,0.055109500885009766,155
queko-bigd,20QBT_45CYC_.2D1_.3D2_7.json,0.9880561828613281,161,0.07215428352355957,231
queko-bigd,20QBT_45CYC_.1D1_.3D2_6.json,1.678053617477417,217,0.06566548347473145,205
queko-bigd,20QBT_45CYC_.2D1_.5D2_6.json,2.8428170680999756,284,0.08985090255737305,362
queko-bigd,20QBT_45CYC_.6D1_.2D2_5.json,0.41119837760925293,206,0.06477737426757812,161
queko-bigd,20QBT_45CYC_.3D1_.4D2_4.json,1.5345120429992676,182,0.08512377738952637,289
queko-bigd,20QBT_45CYC_.1D1_.7D2_3.json,5.5789570808410645,325,0.0971214771270752,376
queko-bigd,20QBT_45CYC_.1D1_.3D2_2.json,1.7894577980041504,233,0.06579327583312988,244
queko-bigd,20QBT_45CYC_.3D1_.4D2_8.json,1.5453319549560547,241,0.08722758293151855,257
queko-bigd,20QBT_45CYC_.1D1_.5D2_7.json,2.4592208862304688,210,0.08226394653320312,353
queko-bigd,20QBT_45CYC_.3D1_.4D2_7.json,1.2646069526672363,188,0.08149600028991699,313
queko-bigd,20QBT_45CYC_.2D1_.6D2_1.json,2.4975202083587646,265,0.09683084487915039,316
queko-bigd,20QBT_45CYC_.3D1_.1D2_0.json,0.18609833717346191,124,0.04807114601135254,110
queko-bigd,20QBT_45CYC_.0D1_.3D2_8.json,1.8195767402648926,173,0.055680036544799805,173
queko-bigd,20QBT_45CYC_.1D1_.3D2_4.json,1.05403470993042,102,0.0656888484954834,247
queko-bigd,20QBT_45CYC_.1D1_.1D2_6.json,0.24916696548461914,123,0.0430910587310791,94
queko-bigd,20QBT_45CYC_.2D1_.3D2_0.json,1.051814317703247,240,0.0695042610168457,257
queko-bigd,20QBT_45CYC_.2D1_.3D2_1.json,1.0390350818634033,182,0.06833148002624512,246
queko-bigd,20QBT_45CYC_.2D1_.5D2_4.json,2.457606315612793,286,0.08988428115844727,294
queko-bigd,20QBT_45CYC_.2D1_.2D2_3.json,0.5404946804046631,137,0.051259756088256836,127
queko-bigd,20QBT_45CYC_.1D1_.7D2_6.json,3.292919397354126,208,0.1058802604675293,434
queko-bigd,20QBT_45CYC_.2D1_.1D2_3.json,0.2114405632019043,137,0.046555280685424805,106
queko-bigd,20QBT_45CYC_.0D1_.4D2_6.json,3.9286537170410156,270,0.06843376159667969,246
queko-bigd,20QBT_45CYC_.2D1_.3D2_9.json,1.3208673000335693,295,0.06946945190429688,264
queko-bigd,20QBT_45CYC_.4D1_.3D2_0.json,0.7741551399230957,178,0.07069993019104004,219
queko-bigd,20QBT_45CYC_.2D1_.1D2_5.json,0.23556184768676758,119,0.04586315155029297,102
queko-bigd,20QBT_45CYC_.0D1_.2D2_8.json,1.2122266292572021,172,0.05540323257446289,183
queko-bigd,20QBT_45CYC_.2D1_.1D2_1.json,0.18446969985961914,104,0.044872283935546875,108
queko-bigd,20QBT_45CYC_.1D1_.4D2_9.json,2.9102160930633545,288,0.07736897468566895,241
queko-bigd,20QBT_45CYC_.2D1_.1D2_4.json,0.2090921401977539,105,0.045201778411865234,98
queko-bigd,20QBT_45CYC_.2D1_.6D2_0.json,3.0999066829681396,351,0.09100079536437988,347
queko-bigd,20QBT_45CYC_.5D1_.3D2_7.json,0.6964030265808105,218,0.07517766952514648,233
queko-bigd,20QBT_45CYC_.3D1_.1D2_9.json,0.13509273529052734,106,0.0462641716003418,102
queko-bigd,20QBT_45CYC_.0D1_.7D2_3.json,4.382961988449097,315,0.09046339988708496,410
queko-bigd,20QBT_45CYC_.4D1_.2D2_1.json,0.45955443382263184,191,0.06283187866210938,185
queko-bigd,20QBT_45CYC_.1D1_.4D2_0.json,2.067471504211426,192,0.07226228713989258,217
queko-bigd,20QBT_45CYC_.1D1_.6D2_0.json,4.061820030212402,239,0.09719038009643555,359
queko-bigd,20QBT_45CYC_.3D1_.2D2_7.json,0.5051867961883545,142,0.06029915809631348,176
queko-bigd,20QBT_45CYC_.1D1_.2D2_9.json,0.9294087886810303,143,0.05652570724487305,177
queko-bigd,20QBT_45CYC_.4D1_.2D2_8.json,0.44571733474731445,142,0.06615471839904785,174
queko-bigd,20QBT_45CYC_.5D1_.1D2_0.json,0.12917590141296387,80,0.049719810485839844,109
queko-bigd,20QBT_45CYC_.2D1_.6D2_9.json,2.3814029693603516,236,0.10009002685546875,335
queko-bigd,20QBT_45CYC_.5D1_.1D2_1.json,0.11672163009643555,93,0.04777050018310547,97
queko-bigd,20QBT_45CYC_.3D1_.3D2_7.json,1.1839869022369385,253,0.07288622856140137,220
queko-bigd,20QBT_45CYC_.6D1_.1D2_6.json,0.11250567436218262,108,0.049945831298828125,75
queko-bigd,20QBT_45CYC_.0D1_.7D2_7.json,4.615113019943237,244,0.08668661117553711,372
queko-bigd,20QBT_45CYC_.4D1_.1D2_2.json,0.14316010475158691,126,0.048330068588256836,108
queko-bigd,20QBT_45CYC_.5D1_.3D2_6.json,0.6454551219940186,186,0.07472634315490723,259
queko-bigd,20QBT_45CYC_.0D1_.8D2_4.json,6.512227773666382,276,0.09401345252990723,411
queko-bigd,20QBT_45CYC_.0D1_.3D2_1.json,2.1032474040985107,143,0.0582730770111084,206
queko-bigd,20QBT_45CYC_.3D1_.3D2_5.json,1.0913209915161133,259,0.07337784767150879,227
queko-bigd,20QBT_45CYC_.0D1_.7D2_1.json,8.001660585403442,346,0.09191346168518066,365
queko-bigd,20QBT_45CYC_.0D1_.1D2_2.json,0.27730727195739746,72,0.036714792251586914,52
queko-bigd,20QBT_45CYC_.1D1_.6D2_6.json,1.8742015361785889,145,0.08528685569763184,330
queko-bigd,20QBT_45CYC_.7D1_.1D2_3.json,0.09260416030883789,100,0.05462169647216797,100
queko-bigd,20QBT_45CYC_.3D1_.4D2_0.json,1.5639581680297852,328,0.08411335945129395,283
queko-bigd,20QBT_45CYC_.2D1_.4D2_5.json,1.7863795757293701,215,0.08254337310791016,347
queko-bigd,20QBT_45CYC_.5D1_.3D2_1.json,0.8629908561706543,289,0.07149124145507812,220
queko-bigd,20QBT_45CYC_.0D1_.5D2_0.json,3.8969004154205322,249,0.07500600814819336,326
queko-bigd,20QBT_45CYC_.3D1_.1D2_5.json,0.10845541954040527,79,0.048501014709472656,92
queko-bigd,20QBT_45CYC_.1D1_.4D2_7.json,1.8409063816070557,166,0.07529211044311523,307
queko-bigd,20QBT_45CYC_.5D1_.2D2_4.json,0.41138219833374023,189,0.06534624099731445,165
queko-bigd,20QBT_45CYC_.4D1_.4D2_4.json,1.5921945571899414,250,0.0834035873413086,310
queko-bigd,20QBT_45CYC_.4D1_.4D2_2.json,0.9862630367279053,180,0.08300065994262695,253
queko-bigd,20QBT_45CYC_.3D1_.1D2_2.json,0.17497944831848145,103,0.04577445983886719,75
queko-bigd,20QBT_45CYC_.1D1_.2D2_1.json,0.6928675174713135,143,0.060355186462402344,206
queko-bigd,20QBT_45CYC_.1D1_.4D2_1.json,2.0634074211120605,230,0.07571721076965332,299
queko-bigd,20QBT_45CYC_.1D1_.2D2_3.json,0.8491067886352539,133,0.05665159225463867,163
queko-bigd,20QBT_45CYC_.2D1_.1D2_7.json,0.23613214492797852,133,0.045992136001586914,93
queko-bigd,20QBT_45CYC_.4D1_.3D2_6.json,0.7847580909729004,212,0.07655119895935059,239
queko-bigd,20QBT_45CYC_.1D1_.4D2_8.json,2.2949891090393066,205,0.06938385963439941,244
queko-bigd,20QBT_45CYC_.0D1_.6D2_3.json,3.639899492263794,163,0.08464717864990234,331
queko-bigd,20QBT_45CYC_.7D1_.1D2_8.json,0.0790262222290039,60,0.04803872108459473,58
queko-bigd,20QBT_45CYC_.4D1_.2D2_0.json,0.34986019134521484,135,0.061304569244384766,164
queko-bigd,20QBT_45CYC_.2D1_.6D2_3.json,2.7605628967285156,275,0.09168767929077148,363
queko-bigd,20QBT_45CYC_.2D1_.4D2_0.json,2.0187530517578125,224,0.07628178596496582,243
queko-bigd,20QBT_45CYC_.3D1_.3D2_8.json,1.0220837593078613,216,0.07084393501281738,229
queko-bigd,20QBT_45CYC_.6D1_.1D2_7.json,0.1296827793121338,97,0.048816680908203125,65
queko-bigd,20QBT_45CYC_.7D1_.1D2_1.json,0.1005101203918457,132,0.05038785934448242,95
queko-bigd,20QBT_45CYC_.2D1_.6D2_5.json,2.614248037338257,239,0.09238266944885254,361
queko-bigd,20QBT_45CYC_.1D1_.5D2_2.json,2.8535540103912354,247,0.08203506469726562,332
queko-bigd,20QBT_45CYC_.3D1_.2D2_8.json,0.5528101921081543,223,0.060213565826416016,167
queko-bigd,20QBT_45CYC_.2D1_.4D2_1.json,2.1670453548431396,253,0.08322882652282715,309
queko-bigd,20QBT_45CYC_.0D1_.6D2_1.json,4.563387632369995,258,0.08772397041320801,382
queko-bigd,20QBT_45CYC_.2D1_.4D2_4.json,1.3770513534545898,207,0.07757425308227539,247
queko-bigd,20QBT_45CYC_.3D1_.4D2_5.json,1.2592418193817139,240,0.07751965522766113,278
queko-bigd,20QBT_45CYC_.0D1_.5D2_8.json,4.386386871337891,234,0.08456659317016602,350
queko-bigd,20QBT_45CYC_.2D1_.2D2_1.json,0.513084888458252,147,0.06481122970581055,193
queko-bigd,20QBT_45CYC_.4D1_.3D2_1.json,0.7778632640838623,238,0.07111549377441406,211
queko-bigd,20QBT_45CYC_.1D1_.7D2_9.json,3.506627321243286,257,0.09801936149597168,369
queko-bigd,20QBT_45CYC_.3D1_.5D2_0.json,1.6616935729980469,225,0.0886695384979248,349
queko-bigd,20QBT_45CYC_.0D1_.6D2_6.json,5.042493581771851,308,0.08254098892211914,316
queko-bigd,20QBT_45CYC_.6D1_.1D2_1.json,0.10405778884887695,113,0.04928159713745117,97
queko-bigd,20QBT_45CYC_.0D1_.5D2_7.json,3.908200740814209,206,0.07556891441345215,316
queko-bigd,20QBT_45CYC_.0D1_.5D2_5.json,4.1089067459106445,313,0.07857036590576172,253
queko-bigd,20QBT_45CYC_.5D1_.1D2_3.json,0.09165000915527344,86,0.04993104934692383,94
queko-bigd,20QBT_45CYC_.0D1_.5D2_6.json,3.9286131858825684,263,0.07942843437194824,337
queko-bigd,20QBT_45CYC_.0D1_.6D2_7.json,7.060013294219971,346,0.08332014083862305,364
queko-bigd,20QBT_45CYC_.1D1_.1D2_7.json,0.2549705505371094,67,0.044995784759521484,102
queko-bigd,20QBT_45CYC_.0D1_.3D2_6.json,2.0331921577453613,171,0.06036567687988281,222
queko-bigd,20QBT_45CYC_.0D1_.5D2_1.json,3.428410053253174,254,0.0745546817779541,297
queko-bigd,20QBT_45CYC_.2D1_.1D2_0.json,0.11737179756164551,80,0.04646015167236328,92
queko-bigd,20QBT_45CYC_.5D1_.2D2_0.json,0.3413553237915039,135,0.06143045425415039,150
queko-bigd,20QBT_45CYC_.4D1_.2D2_2.json,0.3847982883453369,166,0.060365915298461914,198
queko-bigd,20QBT_45CYC_.4D1_.3D2_3.json,0.93003249168396,197,0.07334518432617188,247
queko-bigd,20QBT_45CYC_.4D1_.1D2_0.json,0.12372207641601562,89,0.046092987060546875,69
queko-bigd,20QBT_45CYC_.3D1_.2D2_9.json,0.45096683502197266,123,0.0578913688659668,172
queko-bigd,20QBT_45CYC_.0D1_.6D2_4.json,5.60837721824646,340,0.08448457717895508,365
queko-bigd,20QBT_45CYC_.2D1_.4D2_9.json,1.597743272781372,169,0.07940673828125,282
queko-bigd,20QBT_45CYC_.6D1_.2D2_7.json,0.3238368034362793,104,0.06763648986816406,166
queko-bigd,20QBT_45CYC_.1D1_.3D2_1.json,1.8146939277648926,194,0.06621456146240234,227
queko-bigd,20QBT_45CYC_.4D1_.4D2_6.json,0.9648137092590332,191,0.08371090888977051,228
queko-bigd,20QBT_45CYC_.7D1_.1D2_9.json,0.12296295166015625,130,0.05130577087402344,86
queko-bigd,20QBT_45CYC_.1D1_.2D2_4.json,1.1896402835845947,222,0.05574846267700195,153
queko-bigd,20QBT_45CYC_.7D1_.1D2_4.json,0.09572911262512207,86,0.05118584632873535,61
queko-bigd,20QBT_45CYC_.5D1_.2D2_2.json,0.4129374027252197,169,0.06629180908203125,180
queko-bigd,20QBT_45CYC_.2D1_.5D2_5.json,3.0378201007843018,337,0.09285783767700195,348
queko-bigd,20QBT_45CYC_.0D1_.4D2_3.json,3.556607484817505,264,0.06634020805358887,267
queko-bigd,20QBT_45CYC_.0D1_.3D2_7.json,1.8250322341918945,144,0.05921292304992676,207
queko-bigd,20QBT_45CYC_.5D1_.3D2_2.json,0.6439352035522461,189,0.0809478759765625,254
queko-bigd,20QBT_45CYC_.4D1_.4D2_3.json,0.9832236766815186,178,0.0767672061920166,256
queko-bigd,20QBT_45CYC_.2D1_.2D2_8.json,0.4576127529144287,140,0.05757880210876465,167
queko-bigd,20QBT_45CYC_.1D1_.4D2_4.json,2.6688971519470215,268,0.07051301002502441,265
queko-bigd,20QBT_45CYC_.4D1_.3D2_8.json,0.7751955986022949,178,0.06972193717956543,195
queko-bigd,20QBT_45CYC_.0D1_.4D2_0.json,2.811155319213867,169,0.08698630332946777,249
queko-bigd,20QBT_45CYC_.0D1_.1D2_1.json,0.2043166160583496,100,0.03925299644470215,75
queko-bigd,20QBT_45CYC_.6D1_.1D2_0.json,0.11005187034606934,94,0.05532336235046387,107
queko-bigd,20QBT_45CYC_.6D1_.1D2_2.json,0.12508511543273926,149,0.04990983009338379,96
queko-bigd,20QBT_45CYC_.4D1_.1D2_3.json,0.11595034599304199,124,0.05100727081298828,115
queko-bigd,20QBT_45CYC_.3D1_.2D2_3.json,0.44527339935302734,157,0.058306217193603516,153
queko-bigd,20QBT_45CYC_.4D1_.2D2_4.json,0.5410363674163818,197,0.06742382049560547,153
queko-bigd,20QBT_45CYC_.0D1_.6D2_8.json,4.4805357456207275,246,0.07988405227661133,338
queko-bigd,20QBT_45CYC_.2D1_.2D2_9.json,0.7617044448852539,169,0.05368375778198242,126
queko-bigd,20QBT_45CYC_.6D1_.2D2_0.json,0.3677217960357666,160,0.06107592582702637,153
queko-bigd,20QBT_45CYC_.0D1_.8D2_5.json,8.2072114944458,362,0.09596061706542969,472
queko-bigd,20QBT_45CYC_.0D1_.1D2_4.json,0.22285032272338867,89,0.03720879554748535,60
queko-bigd,20QBT_45CYC_.0D1_.2D2_5.json,1.3689947128295898,182,0.046123504638671875,130
queko-bigd,20QBT_45CYC_.6D1_.2D2_4.json,0.2662627696990967,140,0.0674128532409668,167
queko-bigd,20QBT_45CYC_.3D1_.1D2_7.json,0.24585843086242676,180,0.04562258720397949,73
queko-bigd,20QBT_45CYC_.0D1_.4D2_8.json,3.862785577774048,335,0.07051324844360352,242
queko-bigd,20QBT_45CYC_.3D1_.5D2_7.json,1.2829186916351318,136,0.08978128433227539,265
queko-bigd,20QBT_45CYC_.3D1_.3D2_3.json,0.9079306125640869,212,0.07486629486083984,262
queko-bigd,20QBT_45CYC_.5D1_.2D2_7.json,0.41585779190063477,175,0.07022476196289062,192
queko-bigd,20QBT_45CYC_.2D1_.3D2_8.json,1.2161340713500977,185,0.0757436752319336,268
queko-bigd,20QBT_45CYC_.1D1_.6D2_2.json,3.9349958896636963,324,0.09253478050231934,356
queko-bigd,20QBT_45CYC_.5D1_.1D2_7.json,0.13824057579040527,124,0.0509953498840332,107
queko-bigd,20QBT_45CYC_.1D1_.3D2_8.json,1.7761321067810059,238,0.07025671005249023,242
queko-bigd,20QBT_45CYC_.2D1_.5D2_2.json,2.000293016433716,200,0.08334708213806152,278
queko-bigd,20QBT_45CYC_.0D1_.6D2_9.json,5.38702130317688,305,0.09354448318481445,367
queko-bigd,20QBT_45CYC_.5D1_.3D2_9.json,0.6646008491516113,199,0.07752299308776855,232
queko-bigd,20QBT_45CYC_.2D1_.3D2_4.json,0.7398703098297119,144,0.06427359580993652,178
queko-bigd,20QBT_45CYC_.0D1_.5D2_3.json,3.555978298187256,273,0.07552862167358398,289
queko-bigd,20QBT_45CYC_.5D1_.2D2_3.json,0.28205013275146484,150,0.06399416923522949,161
queko-bigd,20QBT_45CYC_.3D1_.5D2_2.json,1.3614325523376465,251,0.09310722351074219,365
queko-bigd,20QBT_45CYC_.4D1_.3D2_7.json,0.9205179214477539,253,0.0728302001953125,203
queko-bigd,20QBT_45CYC_.1D1_.4D2_3.json,2.4525506496429443,198,0.07381081581115723,259
queko-bigd,20QBT_45CYC_.4D1_.1D2_6.json,0.14931917190551758,98,0.049894094467163086,79
queko-bigd,20QBT_45CYC_.7D1_.1D2_5.json,0.08560562133789062,103,0.0484466552734375,76
queko-bigd,20QBT_45CYC_.0D1_.8D2_8.json,4.510213136672974,217,0.09576606750488281,398
queko-bigd,20QBT_45CYC_.1D1_.2D2_5.json,1.2357501983642578,200,0.05431222915649414,139
queko-bigd,20QBT_45CYC_.0D1_.3D2_4.json,2.082024097442627,135,0.05560660362243652,173
queko-bigd,20QBT_45CYC_.2D1_.3D2_5.json,1.0843935012817383,189,0.06692790985107422,216
queko-bigd,20QBT_45CYC_.3D1_.5D2_9.json,2.004221200942993,234,0.0907590389251709,288
queko-bigd,20QBT_45CYC_.3D1_.4D2_1.json,1.788614273071289,234,0.07624197006225586,248
queko-bigd,20QBT_45CYC_.3D1_.3D2_6.json,1.0416433811187744,215,0.07706618309020996,268
queko-bigd,20QBT_45CYC_.1D1_.5D2_6.json,2.610905170440674,196,0.08589339256286621,331
queko-bigd,20QBT_45CYC_.6D1_.1D2_4.json,0.08011341094970703,84,0.04839062690734863,85
queko-bigd,20QBT_45CYC_.3D1_.1D2_6.json,0.1706554889678955,147,0.04573535919189453,104
queko-bigd,20QBT_45CYC_.1D1_.3D2_7.json,2.039327621459961,204,0.06116485595703125,178
queko-bigd,20QBT_45CYC_.0D1_.2D2_7.json,1.0260682106018066,119,0.04472041130065918,125
queko-bigd,20QBT_45CYC_.0D1_.3D2_0.json,2.5539402961730957,209,0.05812644958496094,206
queko-bigd,20QBT_45CYC_.4D1_.2D2_3.json,0.4281485080718994,170,0.06380796432495117,154
queko-bigd,20QBT_45CYC_.1D1_.1D2_3.json,0.2169344425201416,98,0.04169511795043945,90
queko-bigd,20QBT_45CYC_.4D1_.1D2_8.json,0.1287214756011963,115,0.0475308895111084,92
queko-bigd,20QBT_45CYC_.2D1_.6D2_8.json,2.5780158042907715,236,0.09675168991088867,350
queko-bigd,20QBT_45CYC_.1D1_.5D2_8.json,2.745866060256958,241,0.08372330665588379,352
queko-bigd,20QBT_45CYC_.4D1_.1D2_4.json,0.10399031639099121,61,0.04593682289123535,80
queko-bigd,20QBT_45CYC_.2D1_.5D2_8.json,1.877384901046753,222,0.08584427833557129,322
queko-bigd,20QBT_45CYC_.6D1_.2D2_3.json,0.3905909061431885,158,0.06422615051269531,159
queko-bigd,20QBT_45CYC_.7D1_.1D2_0.json,0.10080504417419434,78,0.05451393127441406,93
queko-bigd,20QBT_45CYC_.4D1_.2D2_6.json,0.522179126739502,177,0.06126117706298828,179
queko-bigd,20QBT_45CYC_.1D1_.1D2_2.json,0.3315269947052002,112,0.041684865951538086,71
queko-bigd,20QBT_45CYC_.0D1_.8D2_3.json,3.2449193000793457,211,0.10085225105285645,467
queko-bigd,20QBT_45CYC_.2D1_.6D2_4.json,3.0795161724090576,265,0.10400080680847168,384
queko-bigd,20QBT_45CYC_.2D1_.4D2_3.json,2.1884865760803223,240,0.08459711074829102,309
queko-bigd,20QBT_45CYC_.1D1_.1D2_9.json,0.2644011974334717,95,0.04213213920593262,88
queko-bigd,20QBT_45CYC_.4D1_.2D2_7.json,0.2833735942840576,95,0.06409001350402832,184
queko-bigd,20QBT_45CYC_.0D1_.2D2_9.json,0.8976826667785645,119,0.04625535011291504,138
queko-bigd,20QBT_45CYC_.1D1_.7D2_8.json,5.251854181289673,373,0.09918594360351562,389
queko-bigd,20QBT_45CYC_.5D1_.1D2_4.json,0.14564919471740723,149,0.046950340270996094,108
queko-bigd,20QBT_45CYC_.2D1_.3D2_3.json,1.0443778038024902,178,0.06658124923706055,179
queko-bigd,20QBT_45CYC_.3D1_.4D2_6.json,1.7759077548980713,293,0.07880377769470215,262
queko-bigd,20QBT_45CYC_.4D1_.3D2_4.json,0.688615083694458,156,0.07301831245422363,195
queko-bigd,20QBT_45CYC_.2D1_.1D2_2.json,0.2052464485168457,64,0.04305744171142578,78
queko-bigd,20QBT_45CYC_.4D1_.4D2_1.json,1.1500632762908936,203,0.09086847305297852,288
queko-bigd,20QBT_45CYC_.3D1_.1D2_4.json,0.15065407752990723,80,0.04636859893798828,88
queko-bigd,20QBT_45CYC_.6D1_.2D2_6.json,0.3109419345855713,136,0.0652780532836914,167
queko-bigd,20QBT_45CYC_.3D1_.3D2_9.json,0.9647014141082764,153,0.07780885696411133,206
queko-bigd,20QBT_45CYC_.1D1_.7D2_2.json,5.122089862823486,346,0.09848928451538086,409
queko-bigd,20QBT_45CYC_.5D1_.3D2_0.json,0.7198455333709717,226,0.07515311241149902,200
queko-bigd,20QBT_45CYC_.0D1_.7D2_2.json,4.475088357925415,222,0.09708499908447266,376
queko-bigd,20QBT_45CYC_.0D1_.8D2_7.json,8.44028091430664,372,0.09310483932495117,360
queko-bss-16qbt,16QBT_200CYC_QSE_7.json,3.7254085540771484,233,0.18234920501708984,382
queko-bss-16qbt,16QBT_100CYC_QSE_8.json,2.3093855381011963,608,0.10745596885681152,210
queko-bss-16qbt,16QBT_300CYC_QSE_6.json,2.4483280181884766,118,0.2455277442932129,469
queko-bss-16qbt,16QBT_200CYC_QSE_5.json,7.049269676208496,822,0.16965222358703613,317
queko-bss-16qbt,16QBT_200CYC_QSE_0.json,6.798588037490845,726,0.24823331832885742,289
queko-bss-16qbt,16QBT_500CYC_QSE_2.json,7.760105133056641,212,0.39550113677978516,739
queko-bss-16qbt,16QBT_200CYC_QSE_6.json,5.475278377532959,678,0.1802380084991455,312
queko-bss-16qbt,16QBT_400CYC_QSE_9.json,22.50138521194458,1596,0.32660746574401855,629
queko-bss-16qbt,16QBT_400CYC_QSE_2.json,17.233509302139282,1213,0.32515954971313477,604
queko-bss-16qbt,16QBT_300CYC_QSE_1.json,13.249009609222412,759,0.31258225440979004,462
queko-bss-16qbt,16QBT_300CYC_QSE_4.json,11.206733226776123,578,0.23659205436706543,458
queko-bss-16qbt,16QBT_400CYC_QSE_7.json,19.789290189743042,1510,0.5396208763122559,643
queko-bss-16qbt,16QBT_100CYC_QSE_1.json,2.9753060340881348,380,0.1821279525756836,189
queko-bss-16qbt,16QBT_600CYC_QSE_4.json,28.474321126937866,868,0.5353147983551025,921
queko-bss-16qbt,16QBT_100CYC_QSE_0.json,2.7657439708709717,294,0.1081082820892334,218
queko-bss-16qbt,16QBT_400CYC_QSE_0.json,22.227558612823486,2127,0.3055417537689209,637
queko-bss-16qbt,16QBT_600CYC_QSE_1.json,41.79043436050415,1555,0.49854183197021484,920
queko-bss-16qbt,16QBT_100CYC_QSE_9.json,2.865744113922119,507,0.10784626007080078,225
queko-bss-16qbt,16QBT_500CYC_QSE_3.json,22.245598316192627,772,0.4537067413330078,703
queko-bss-16qbt,16QBT_600CYC_QSE_6.json,50.1366286277771,2142,0.6195633411407471,822
queko-bss-16qbt,16QBT_100CYC_QSE_7.json,3.3659467697143555,591,0.10765242576599121,279
queko-bss-16qbt,16QBT_400CYC_QSE_3.json,15.909585237503052,535,0.5334293842315674,593
queko-bss-16qbt,16QBT_900CYC_QSE_2.json,40.35150861740112,683,0.7052454948425293,1324
queko-bss-16qbt,16QBT_500CYC_QSE_0.json,36.99308657646179,2249,0.4003305435180664,771
queko-bss-16qbt,16QBT_700CYC_QSE_0.json,47.254175662994385,1521,0.5243475437164307,932
queko-bss-16qbt,16QBT_400CYC_QSE_1.json,18.49163556098938,793,0.31992650032043457,543
queko-bss-16qbt,16QBT_700CYC_QSE_1.json,57.681803464889526,1858,0.7674221992492676,988
queko-bss-16qbt,16QBT_800CYC_QSE_7.json,43.189762115478516,793,0.6666486263275146,1212
queko-bss-16qbt,16QBT_700CYC_QSE_5.json,62.893927574157715,2619,0.552302360534668,979
queko-bss-16qbt,16QBT_600CYC_QSE_8.json,42.751808166503906,2745,0.457658052444458,916
queko-bss-16qbt,16QBT_600CYC_QSE_2.json,19.85171413421631,1100,0.6484808921813965,937
queko-bss-16qbt,16QBT_100CYC_QSE_6.json,2.614691972732544,370,0.1057271957397461,229
queko-bss-16qbt,16QBT_700CYC_QSE_2.json,56.012035608291626,2328,0.5196292400360107,954
queko-bss-16qbt,16QBT_700CYC_QSE_4.json,56.223594188690186,1628,0.5952417850494385,1075
queko-bss-16qbt,16QBT_100CYC_QSE_3.json,2.4460580348968506,412,0.14343547821044922,210
queko-bss-16qbt,16QBT_200CYC_QSE_4.json,6.93611478805542,432,0.2707042694091797,370
queko-bss-16qbt,16QBT_800CYC_QSE_8.json,64.81486463546753,2217,1.0325243473052979,1079
queko-bss-16qbt,16QBT_200CYC_QSE_8.json,6.073385000228882,768,0.16866850852966309,310
queko-bss-16qbt,16QBT_800CYC_QSE_3.json,66.5557541847229,2076,0.6732115745544434,1157
queko-bss-16qbt,16QBT_800CYC_QSE_1.json,66.50147795677185,2403,0.6243817806243896,1175
queko-bss-16qbt,16QBT_900CYC_QSE_1.json,43.788487911224365,678,0.7222127914428711,1311
queko-bss-16qbt,16QBT_300CYC_QSE_7.json,10.964219331741333,863,0.2588975429534912,587
queko-bss-16qbt,16QBT_800CYC_QSE_0.json,76.76180219650269,2505,0.6346652507781982,1195
queko-bss-16qbt,16QBT_300CYC_QSE_3.json,14.803773164749146,1411,0.25879931449890137,469
queko-bss-16qbt,16QBT_500CYC_QSE_9.json,16.82816791534424,404,0.4604024887084961,747
queko-bss-16qbt,16QBT_200CYC_QSE_2.json,7.6407880783081055,1196,0.17483901977539062,349
queko-bss-16qbt,16QBT_100CYC_QSE_4.json,3.171095609664917,368,0.11656451225280762,321
queko-bss-16qbt,16QBT_900CYC_QSE_5.json,80.19722199440002,3181,0.9128022193908691,1349
queko-bss-16qbt,16QBT_400CYC_QSE_8.json,13.510665655136108,773,0.319537878036499,622
queko-bss-16qbt,16QBT_100CYC_QSE_5.json,2.350374937057495,167,0.20023751258850098,218
queko-bss-16qbt,16QBT_300CYC_QSE_0.json,16.11594820022583,1334,0.43538951873779297,419
queko-bss-16qbt,16QBT_700CYC_QSE_7.json,65.30766344070435,2051,0.941692590713501,1196
queko-bss-16qbt,16QBT_300CYC_QSE_2.json,7.245978355407715,332,0.24611949920654297,519
queko-bss-16qbt,16QBT_500CYC_QSE_4.json,26.06556510925293,1664,0.41143250465393066,738
queko-bss-16qbt,16QBT_900CYC_QSE_0.json,103.62502121925354,2630,0.9431679248809814,1264
queko-bss-16qbt,16QBT_400CYC_QSE_6.json,25.903473377227783,1165,0.33733320236206055,592
queko-bss-16qbt,16QBT_200CYC_QSE_1.json,5.1402428150177,315,0.16675639152526855,338
queko-bss-16qbt,16QBT_500CYC_QSE_1.json,30.36141300201416,2149,0.42900753021240234,793
queko-bss-16qbt,16QBT_300CYC_QSE_8.json,12.285162687301636,790,0.25505852699279785,504
queko-bss-16qbt,16QBT_400CYC_QSE_4.json,17.888103246688843,633,0.3714456558227539,591
queko-bss-16qbt,16QBT_900CYC_QSE_4.json,80.95675086975098,2990,0.9100055694580078,1423
queko-bss-16qbt,16QBT_900CYC_QSE_3.json,89.49808502197266,2189,0.8170254230499268,1208
queko-bss-16qbt,16QBT_300CYC_QSE_5.json,11.031864166259766,607,0.24543070793151855,422
queko-bss-16qbt,16QBT_400CYC_QSE_5.json,20.995044946670532,803,0.3101217746734619,612
queko-bss-16qbt,16QBT_200CYC_QSE_9.json,2.6874687671661377,130,0.24081110954284668,328
queko-bss-16qbt,16QBT_500CYC_QSE_6.json,25.04117226600647,1127,0.43941664695739746,704
queko-bss-16qbt,16QBT_200CYC_QSE_3.json,4.768191814422607,225,0.25774455070495605,323
queko-bss-16qbt,16QBT_700CYC_QSE_6.json,63.34156584739685,1677,0.9047086238861084,949
queko-bss-16qbt,16QBT_100CYC_QSE_2.json,2.470444440841675,309,0.1039285659790039,251
queko-bss-16qbt,16QBT_800CYC_QSE_5.json,98.95719075202942,4822,0.7914564609527588,1154
queko-bss-16qbt,16QBT_800CYC_QSE_9.json,32.21278738975525,529,0.654552698135376,1105
queko-bss-16qbt,16QBT_300CYC_QSE_9.json,16.50864577293396,1151,0.3987607955932617,451
queko-bss-16qbt,16QBT_800CYC_QSE_6.json,88.18580365180969,3284,0.6186785697937012,1149
queko-bss-16qbt,16QBT_500CYC_QSE_8.json,37.15003490447998,2186,0.7013888359069824,819
queko-bss-16qbt,16QBT_500CYC_QSE_5.json,28.361501693725586,939,0.419295072555542,709
queko-bss-16qbt,16QBT_500CYC_QSE_7.json,23.412878274917603,1762,0.38562846183776855,716
queko-bss-16qbt,16QBT_600CYC_QSE_3.json,48.92603659629822,2385,0.4394114017486572,859
queko-bss-16qbt,16QBT_600CYC_QSE_0.json,50.248109579086304,1895,0.5196056365966797,975
ibmqx,alu-v4_37.json,0.04876565933227539,15,0.03108692169189453,11
queko-bss-16qbt,16QBT_700CYC_QSE_8.json,16.53655457496643,312,0.531456470489502,1062
queko-bss-16qbt,16QBT_700CYC_QSE_3.json,58.250285148620605,2109,0.5173170566558838,1053
queko-bss-16qbt,16QBT_600CYC_QSE_7.json,38.21220088005066,1598,0.4719231128692627,955
queko-bss-16qbt,16QBT_600CYC_QSE_5.json,43.3074209690094,1209,0.615546703338623,959
queko-bss-16qbt,16QBT_600CYC_QSE_9.json,48.037822246551514,2988,0.4791085720062256,924
ibmqx,ising_model_16.json,0.263566255569458,60,0.13903450965881348,41
ibmqx,rd84_142.json,0.9496049880981445,138,0.0737295150756836,137
ibmqx,ex2_227.json,4.603509902954102,263,0.10858154296875,194
ibmqx,4gt4-v0_78.json,1.0516135692596436,69,0.09589338302612305,69
queko-bss-16qbt,16QBT_700CYC_QSE_9.json,49.77576470375061,1791,0.5885183811187744,1040
ibmqx,rd53_251.json,11.81986141204834,569,0.18576478958129883,378
ibmqx,qft_10.json,0.8344218730926514,72,0.052121877670288086,44
ibmqx,4mod5-v1_23.json,0.20453476905822754,26,0.08800077438354492,22
queko-bss-16qbt,16QBT_900CYC_QSE_6.json,90.2491865158081,2682,1.2061331272125244,1167
ibmqx,4gt10-v1_81.json,0.540463924407959,38,0.04600405693054199,39
queko-bss-16qbt,16QBT_900CYC_QSE_9.json,104.969242811203,3098,0.7400784492492676,1329
ibmqx,4gt4-v1_74.json,1.4915635585784912,113,0.061862945556640625,77
ibmqx,decod24-v2_43.json,0.0836482048034668,13,0.03364682197570801,13
ibmqx,4gt5_76.json,0.24899578094482422,31,0.03930187225341797,24
ibmqx,cm82a_208.json,3.5459136962890625,147,0.1108713150024414,186
queko-bss-16qbt,16QBT_800CYC_QSE_4.json,79.10872054100037,2453,0.5840005874633789,1216
ibmqx,4mod5-v1_22.json,0.036673784255981445,8,0.07259678840637207,6
ibmqx,4mod5-v0_18.json,0.2081608772277832,20,0.03530287742614746,21
ibmqx,miller_11.json,0.06707048416137695,12,0.0347752571105957,12
ibmqx,mod5mils_65.json,0.05573534965515137,13,0.031824350357055664,12
queko-bss-16qbt,16QBT_800CYC_QSE_2.json,58.61835789680481,2257,0.7520310878753662,1139
ibmqx,alu-v2_30.json,3.598557949066162,234,0.0927436351776123,151
ibmqx,ex3_229.json,2.6874217987060547,203,0.07389211654663086,116
ibmqx,4_49_16.json,0.913654088973999,58,0.05502581596374512,60
ibmqx,4gt5_75.json,0.3963770866394043,22,0.06285381317138672,22
ibmqx,sf_274.json,4.671888828277588,177,0.22222900390625,225
ibmqx,4gt13_91.json,0.3321523666381836,40,0.041312217712402344,23
ibmqx,test.json,0.00460052490234375,4,0.030715465545654297,4
queko-bss-16qbt,16QBT_900CYC_QSE_8.json,92.70513677597046,2686,0.6777217388153076,1257
ibmqx,ex1_226.json,0.005831241607666016,4,0.029494524002075195,8
ibmqx,0410184_169.json,1.3867502212524414,134,0.0929863452911377,60
ibmqx,ham3_102.json,0.014808416366577148,6,0.03165888786315918,5
queko-bss-16qbt,16QBT_900CYC_QSE_7.json,102.91962265968323,4024,0.7442567348480225,1232
ibmqx,4gt4-v0_73.json,1.9676258563995361,137,0.07520294189453125,115
ibmqx,4mod7-v0_94.json,0.5738749504089355,30,0.08455824851989746,41
ibmqx,rd53_130.json,5.565491199493408,299,0.1545255184173584,300
ibmqx,4mod5-v0_20.json,0.02816915512084961,6,0.05599188804626465,5
ibmqx,decod24-v3_45.json,0.9066205024719238,68,0.08031702041625977,37
ibmqx,f2_232.json,5.256020784378052,193,0.1818680763244629,388
ibmqx,alu-v4_36.json,0.41928839683532715,35,0.0834813117980957,27
ibmqx,hwb5_53.json,12.208589315414429,436,0.2424156665802002,402
ibmqx,4gt4-v0_80.json,1.0039973258972168,73,0.06046414375305176,53
ibmqx,pm1_249.json,11.834472894668579,465,0.34335851669311523,553
ibmqx,one-two-three-v1_99.json,0.43127989768981934,29,0.0445866584777832,36
ibmqx,sqrt8_260.json,29.08662176132202,1089,0.45688366889953613,1092
ibmqx,4gt13_90.json,0.39700770378112793,50,0.04108738899230957,26
ibmqx,alu-v3_34.json,0.11824703216552734,16,0.03731131553649902,16
ibmqx,3_17_13.json,0.08577990531921387,10,0.0670924186706543,7
ibmqx,4gt11_83.json,0.01777362823486328,9,0.0327150821685791,6
ibmqx,mod5d1_63.json,0.028337955474853516,8,0.03124380111694336,8
ibmqx,cm152a_212.json,12.46519136428833,624,0.35332345962524414,376
ibmqx,alu-bdd_288.json,0.2629964351654053,45,0.04103708267211914,30
ibmqx,rd53_135.json,1.3565778732299805,89,0.06821322441101074,91
ibmqx,4mod5-v0_19.json,0.051789283752441406,12,0.034673213958740234,12
ibmqx,sym6_316.json,2.0245304107666016,135,0.1295304298400879,129
ibmqx,radd_250.json,32.965060234069824,1090,0.4833378791809082,1136
ibmqx,rd73_252.json,87.1651725769043,1938,1.2196784019470215,1861
ibmqx,majority_239.json,4.034060955047607,241,0.10611915588378906,161
ibmqx,graycode6_47.json,0.0011065006256103516,0,0.03330349922180176,0
ibmqx,hwb6_56.json,132.6778688430786,2530,0.9379253387451172,2045
ibmqx,decod24-bdd_294.json,0.14462709426879883,24,0.03796958923339844,16
ibmqx,one-two-three-v3_101.json,0.32828450202941895,27,0.06287789344787598,17
ibmqx,square_root_7.json,114.40798592567444,2234,1.1795923709869385,3032
ibmqx,rd53_138.json,0.3778049945831299,41,0.046930789947509766,43
ibmqx,mod10_171.json,1.8251049518585205,111,0.11943531036376953,65
ibmqx,xor5_254.json,0.005837678909301758,4,0.04806351661682129,8
ibmqx,z4_268.json,35.26926255226135,991,0.6168150901794434,1052
ibmqx,4mod5-bdd_287.json,0.20852971076965332,30,0.03407549858093262,25
ibmqx,C17_204.json,3.477062463760376,169,0.13026213645935059,138
ibmqx,4gt11_82.json,0.05168032646179199,18,0.07166266441345215,9
ibmqx,ham15_107.json,188.5572361946106,3421,1.8074138164520264,2940
ibmqx,rd53_133.json,4.403897523880005,143,0.13414382934570312,153
ibmqx,rd73_140.json,1.0698344707489014,83,0.09845852851867676,79
ibmqx,alu-v0_27.json,0.07053947448730469,14,0.06938624382019043,10
ibmqx,decod24-v1_41.json,0.294630765914917,37,0.04616284370422363,22
ibmqx,alu-v2_33.json,0.08631777763366699,13,0.07226228713989258,9
ibmqx,alu-v1_29.json,0.03629350662231445,13,0.032538414001464844,9
ibmqx,squar5_261.json,18.683037042617798,607,0.40143275260925293,708
ibmqx,mod5d2_64.json,0.1109933853149414,18,0.042350053787231445,16
ibmqx,qft_16.json,4.313920736312866,318,0.16813039779663086,149
ibmqx,ising_model_13.json,0.09649801254272461,0,0.09702634811401367,0
ibmqx,cycle10_2_110.json,111.72852993011475,2473,1.2077264785766602,1992
ibmqx,aj-e11_165.json,0.7780435085296631,35,0.0896756649017334,42
ibmqx,cnt3-5_180.json,1.5304036140441895,120,0.1891641616821289,145
ibmqx,decod24-v0_38.json,0.19406414031982422,15,0.060730695724487305,14
ibmqx,dc2_222.json,119.86682963371277,1944,1.8956234455108643,3287
ibmqx,co14_215.json,461.87010645866394,3951,2.6743791103363037,6441
ibmqx,4gt5_77.json,0.34982991218566895,23,0.08009219169616699,34
ibmqx,rd84_253.json,460.2871046066284,5201,2.1501073837280273,4978
ibmqx,4gt13_92.json,0.272815465927124,37,0.07714438438415527,18
ibmqx,alu-v2_31.json,2.2925877571105957,84,0.16666674613952637,120
ibmqx,cm85a_209.json,280.56638836860657,3263,2.420433521270752,3841
ibmqx,mod10_176.json,1.2038843631744385,79,0.09873080253601074,48
ibmqx,mlp4_245.json,142.9176263809204,1228,3.511873722076416,6548
ibmqx,root_255.json,484.91561675071716,4925,2.67616605758667,6354
ibmqx,misex1_241.json,60.70777726173401,2067,0.8401732444763184,1624
ibmqx,ex-1_166.json,0.011595487594604492,4,0.0316159725189209,4
ibmqx,4gt13-v1_93.json,0.08026766777038574,12,0.03853297233581543,17
ibmqx,sym6_145.json,24.864572048187256,586,0.5302491188049316,1038
ibmqx,mod5adder_127.json,2.89410138130188,140,0.09956479072570801,167
ibmqx,adr4_197.json,41.20556664466858,1469,0.5200071334838867,1247
ibmqx,sym9_148.json,1079.6263918876648,5528,3.1562538146972656,6596
ibmqx,mod8-10_178.json,2.206024408340454,139,0.07375240325927734,101
ibmqx,4gt12-v0_87.json,0.9495716094970703,72,0.06309890747070312,69
ibmqx,4mod7-v1_96.json,0.48885226249694824,27,0.050295352935791016,42
ibmqx,life_238.json,1354.316776752472,10885,3.4946813583374023,7908
ibmqx,cm42a_207.json,10.253487825393677,465,0.2662968635559082,551
ibmqx,sf_276.json,4.105722904205322,183,0.1271510124206543,226
ibmqx,sys6-v0_111.json,0.6418318748474121,75,0.060827016830444336,73
ibmqx,alu-v3_35.json,0.042466163635253906,8,0.033757686614990234,10
ibmqx,rd32-v0_66.json,0.0365443229675293,10,0.03280138969421387,6
ibmqx,4gt4-v0_72.json,1.368133783340454,103,0.0599360466003418,79
ibmqx,4gt11_84.json,0.012124300003051758,7,0.03247547149658203,5
ibmqx,hwb4_49.json,1.209078311920166,74,0.05727958679199219,57
ibmqx,one-two-three-v0_97.json,1.2103562355041504,70,0.06504058837890625,78
ibmqx,sym9_146.json,1.178316354751587,135,0.0750267505645752,114
ibmqx,max46_240.json,2000.2323687076569,12303,4.165548324584961,9390
ibmqx,one-two-three-v0_98.json,0.5544016361236572,52,0.04762697219848633,41
ibmqx,mini-alu_167.json,1.6570744514465332,129,0.06662464141845703,80
ibmqx,inc_237.json,30.309297800064087,302,1.6031174659729004,3542
ibmqx,urf2_277.json,1823.6466999053955,10974,3.5813448429107666,9295
ibmqx,4gt12-v0_88.json,0.9139633178710938,77,0.05385446548461914,55
ibmqx,rd32_270.json,0.15182948112487793,20,0.03834700584411621,23
ibmqx,alu-v0_26.json,0.22391366958618164,26,0.03820395469665527,23
ibmqx,wim_266.json,5.552361965179443,284,0.1622791290283203,328
ibmqx,9symml_195.json,3123.499871969223,17535,5.169686317443848,12352
ibmqx,decod24-enable_126.json,2.046422243118286,107,0.06857657432556152,93
ibmqx,one-two-three-v2_100.json,0.08819222450256348,15,0.03529548645019531,18
ibmqx,hwb7_59.json,1496.449330329895,9688,3.4867422580718994,7675
ibmqx,dist_223.json,2548.863558769226,10734,6.159377336502075,13826
ibmqx,4gt12-v0_86.json,0.9863338470458984,72,0.06482791900634766,71
ibmqx,rd32-v1_68.json,0.03741455078125,10,0.03286552429199219,6
ibmqx,rd53_131.json,2.083423614501953,115,0.09081077575683594,139
ibmqx,sym9_193.json,3210.4057116508484,17535,5.3009278774261475,12267
ibmqx,alu-v1_28.json,0.04709124565124512,7,0.03333783149719238,10
ibmqx,4gt4-v0_79.json,0.8486244678497314,67,0.06020808219909668,64
ibmqx,dc1_220.json,11.427029132843018,483,0.2897651195526123,612
ibmqx,con1_216.json,4.912083864212036,242,0.1575298309326172,318
ibmqx,ham7_104.json,1.4294977188110352,104,0.0706639289855957,89
ibmqx,mini_alu_305.json,0.8981242179870605,92,0.05218625068664551,58
ibmqx,rd53_311.json,1.4281039237976074,149,0.0685582160949707,114
ibmqx,cnt3-5_179.json,0.861534595489502,100,0.05369114875793457,79
ibmqx,ising_model_10.json,0.04740762710571289,0,0.05086779594421387,0
ibmqx,4gt12-v1_89.json,1.344862461090088,107,0.05647683143615723,72
ibmqx,sqn_258.json,276.05907940864563,3883,1.5580816268920898,3591
ibmqx,alu-v2_32.json,0.721912145614624,49,0.04868268966674805,46
ibmqx,4mod5-v1_24.json,0.06297063827514648,17,0.03255128860473633,11
ibmqx,mod8-10_177.json,2.9764959812164307,178,0.08114743232727051,131
qasm-axl-generated,pipelined-swap-base.json,0.5889303684234619,99,0.0487055778503418,74
qasm-axl-generated,pipelined-swap-feautrier.json,0.46988892555236816,40,0.0536956787109375,101
qasm-axl-generated,pipelined-swap-plutomin.json,0.6769602298736572,120,0.05263495445251465,103
qasm-axl-generated,pipelined-swap-plutomax.json,0.3725161552429199,40,0.0535275936126709,103
ibmqx,sao2_257.json,3764.104663133621,16799,5.894678354263306,14180
queko-bss-53qbt,53QBT_300CYC_QSE_7.json,58.03951549530029,1513,0.9251296520233154,2498
queko-bss-53qbt,53QBT_300CYC_QSE_8.json,56.34094429016113,953,0.9309096336364746,2050
queko-bss-53qbt,53QBT_500CYC_QSE_8.json,122.94421648979187,1187,1.6137616634368896,3264
queko-bss-53qbt,53QBT_200CYC_QSE_9.json,39.045814514160156,1231,0.6515092849731445,1830
queko-bss-53qbt,53QBT_500CYC_QSE_3.json,163.31339955329895,1699,1.662550687789917,3405
queko-bss-53qbt,53QBT_800CYC_QSE_3.json,418.5081810951233,2621,2.918351173400879,4000
queko-bss-53qbt,53QBT_200CYC_QSE_7.json,24.419408321380615,700,0.6459546089172363,1796
queko-bss-53qbt,53QBT_700CYC_QSE_3.json,286.8788969516754,2477,2.3530471324920654,4514
queko-bss-53qbt,53QBT_900CYC_QSE_7.json,467.3194668292999,2620,2.833801746368408,5897
queko-bss-53qbt,53QBT_600CYC_QSE_7.json,214.1215741634369,2665,1.8336083889007568,4335
queko-bss-53qbt,53QBT_400CYC_QSE_4.json,57.028358459472656,1611,1.1849250793457031,3065
queko-bss-53qbt,53QBT_900CYC_QSE_9.json,310.2514657974243,2065,2.938446283340454,5195
queko-bss-53qbt,53QBT_700CYC_QSE_0.json,423.7619743347168,4187,2.2152225971221924,5132
queko-bss-53qbt,53QBT_300CYC_QSE_4.json,72.56984972953796,1792,1.1182878017425537,2196
queko-bss-53qbt,53QBT_300CYC_QSE_0.json,49.56390118598938,795,0.8887732028961182,2363
ibmqx,clip_206.json,1807.7691156864166,9511,5.190380811691284,12058
queko-bss-53qbt,53QBT_600CYC_QSE_5.json,139.41125321388245,1072,2.194838762283325,3263
queko-bss-53qbt,53QBT_500CYC_QSE_0.json,190.9118287563324,1964,1.6913907527923584,3604
queko-bss-53qbt,53QBT_300CYC_QSE_5.json,69.6757423877716,1445,1.0721993446350098,2329
queko-bss-53qbt,53QBT_400CYC_QSE_6.json,100.17106795310974,1130,1.401221752166748,2816
queko-bss-53qbt,53QBT_600CYC_QSE_8.json,341.10097002983093,3669,2.197613477706909,3437
queko-bss-53qbt,53QBT_900CYC_QSE_5.json,454.31379294395447,3189,2.8141534328460693,5451
queko-bss-53qbt,53QBT_700CYC_QSE_6.json,236.36442613601685,1915,2.1747536659240723,4022
queko-bss-53qbt,53QBT_500CYC_QSE_2.json,189.2360200881958,2387,1.6494367122650146,3154
queko-bss-53qbt,53QBT_700CYC_QSE_7.json,149.14547777175903,2133,2.337865114212036,4347
queko-bss-53qbt,53QBT_900CYC_QSE_8.json,388.481258392334,4223,2.910309076309204,5153
queko-bss-53qbt,53QBT_800CYC_QSE_7.json,266.1440975666046,2273,2.8944954872131348,4811
queko-bss-53qbt,53QBT_800CYC_QSE_0.json,269.35712933540344,1342,3.3803534507751465,5020
queko-bss-53qbt,53QBT_500CYC_QSE_7.json,103.94092679023743,1033,1.637467861175537,3382
queko-bss-53qbt,53QBT_300CYC_QSE_1.json,57.16256642341614,707,1.3878846168518066,2159
queko-bss-53qbt,53QBT_500CYC_QSE_1.json,148.8191876411438,1349,1.666802167892456,3210
queko-bss-53qbt,53QBT_700CYC_QSE_1.json,241.54718041419983,1628,2.1449732780456543,3887
queko-bss-53qbt,53QBT_400CYC_QSE_1.json,68.55554533004761,1051,1.1884686946868896,2511
queko-bss-53qbt,53QBT_300CYC_QSE_6.json,59.41279077529907,1152,1.041276216506958,2199
queko-bss-53qbt,53QBT_600CYC_QSE_1.json,270.49794459342957,3670,2.5205249786376953,3049
queko-bss-53qbt,53QBT_900CYC_QSE_0.json,370.1124324798584,1990,2.8152706623077393,4795
queko-bss-53qbt,53QBT_800CYC_QSE_1.json,303.1907567977905,2810,2.597900390625,3911
queko-bss-53qbt,53QBT_700CYC_QSE_8.json,506.8642716407776,3362,3.127950668334961,3894
queko-bss-53qbt,53QBT_300CYC_QSE_9.json,77.52840304374695,1260,0.9783375263214111,2144
queko-bss-53qbt,53QBT_400CYC_QSE_9.json,135.7841763496399,1642,1.3948843479156494,3000
queko-bss-53qbt,53QBT_900CYC_QSE_6.json,567.2299182415009,4744,2.9109408855438232,5180
queko-bss-53qbt,53QBT_900CYC_QSE_2.json,466.8478293418884,2786,2.7059316635131836,4428
queko-bss-53qbt,53QBT_800CYC_QSE_5.json,384.244877576828,2246,3.0042245388031006,3665
queko-bss-53qbt,53QBT_500CYC_QSE_5.json,180.9452838897705,1712,2.1912858486175537,3533
queko-bss-53qbt,53QBT_700CYC_QSE_9.json,257.48062896728516,1457,3.2438197135925293,4504
queko-bss-53qbt,53QBT_800CYC_QSE_4.json,294.9540424346924,2054,2.5033152103424072,5073
queko-bss-53qbt,53QBT_400CYC_QSE_3.json,141.47812128067017,2077,1.4405360221862793,3304
queko-bss-53qbt,53QBT_200CYC_QSE_8.json,31.06281352043152,909,0.6521432399749756,1579
queko-bss-53qbt,53QBT_300CYC_QSE_3.json,38.60199451446533,725,1.2634825706481934,2410
queko-bss-53qbt,53QBT_700CYC_QSE_2.json,264.9947147369385,1877,2.438662052154541,4506
queko-bss-53qbt,53QBT_900CYC_QSE_1.json,565.3262090682983,3138,3.614777088165283,5188
queko-bss-53qbt,53QBT_500CYC_QSE_9.json,142.81863522529602,1283,2.4449310302734375,3970
queko-bss-53qbt,53QBT_800CYC_QSE_9.json,411.5498309135437,1921,3.4052181243896484,4404
queko-bss-53qbt,53QBT_800CYC_QSE_6.json,224.151593208313,2150,2.6024017333984375,5065
queko-bss-53qbt,53QBT_400CYC_QSE_8.json,151.40000987052917,1425,2.259155511856079,3007
queko-bss-53qbt,53QBT_800CYC_QSE_2.json,470.103342294693,3925,3.5694100856781006,4799
queko-bss-53qbt,53QBT_400CYC_QSE_7.json,111.30425071716309,1325,1.8326516151428223,3153
queko-bss-53qbt,53QBT_500CYC_QSE_6.json,157.97769331932068,1449,2.400541067123413,3589
queko-bss-53qbt,53QBT_600CYC_QSE_4.json,208.29386687278748,2073,1.7723972797393799,3686
queko-bss-53qbt,53QBT_200CYC_QSE_6.json,38.35518550872803,979,0.930269718170166,1816
queko-bss-53qbt,53QBT_600CYC_QSE_9.json,155.60561680793762,2160,1.9533092975616455,4011
queko-bss-53qbt,53QBT_700CYC_QSE_4.json,271.6513545513153,1811,2.857473611831665,4300
queko-bss-53qbt,53QBT_700CYC_QSE_5.json,277.78704714775085,2903,2.190359592437744,4112
queko-bss-53qbt,53QBT_500CYC_QSE_4.json,122.718337059021,927,2.635890007019043,3605
queko-bss-53qbt,53QBT_300CYC_QSE_2.json,60.76461052894592,867,1.3658595085144043,2529
ibmqx_big,urf1_278.json,10123.433340787888,27556,9.303580284118652,23859
queko-bss-53qbt,53QBT_400CYC_QSE_5.json,112.88373398780823,1058,1.7376091480255127,2953
queko-bss-53qbt,53QBT_800CYC_QSE_8.json,206.53116106987,1106,2.3963053226470947,4510
queko-bss-53qbt,53QBT_900CYC_QSE_3.json,520.6085619926453,2558,2.921818494796753,5738
queko-bss-53qbt,53QBT_600CYC_QSE_2.json,210.31827664375305,1659,2.1447975635528564,4191
queko-bss-53qbt,53QBT_400CYC_QSE_2.json,111.58898043632507,1565,1.3785040378570557,2953
queko-bss-53qbt,53QBT_600CYC_QSE_6.json,125.40705871582031,1649,2.2192201614379883,4279
queko-bss-53qbt,53QBT_400CYC_QSE_0.json,73.2425229549408,1456,1.3481512069702148,3195
